{
  "T_V_to_S": {
    "translation": {
      "x": 1.419999122619629,
      "y": 0.23999977111816406,
      "z": 1.369999885559082
    },
    "quaternion": {
      "w": 1.0,
      "x": -0.0,
      "y": -0.0,
      "z": -0.0
    }
  }
}
